BL14,Vestido liso
BL20,Blusa lisa
BS01,CALÇA
BS06,CALÇA
BS23,Blusa lisa
BS24,Blusa lisa
BS25,MACACÃO
BS28,Blusa lisa
BS29,MACAQUINHO
BS33,CALÇA
BS38,Shorts
BS46,Blusa lisa
BS47,Blusa lisa
BS48,Blusa lisa
BY10,Saia lisa
BY11,Vestido estampa
CM01,Blusa lisa
CM05,Blusa lisa
CM08,Blusa lisa
CM09,Blusa lisa
CM10,Blusa lisa
CR01,Vestido listrado
CS04,Blusa lisa
DW03,Camisa lisa
DW04,Blusa lisa
DW05,Blusa estampa
DW07,Blusa estampa
DW08,Blusa lisa
DW09,Blusa lisa
DW11,Blusa lisa
DW13,Camisa estampa
DW14,Blusa lisa
DW16,Blusa lisa
DW20,Blusa lisa
DW30,Conjunto liso
DW38,Blusa lisa
DW46,Blusa lisa
DW47,Blusa lisa
DW48,Blusa lisa
EQ01,Blusa estampa
EQ02,Camisa estampa
EQ03,Camisa estampa
EQ04,Camisa estampa
EQ05,Blusa estampa
EQ08,Camisa lisa
FP02,Blusa lisa
FW06,SAIA
FW07,CALÇA
FW08,Calça
FW09,CALÇA
FW13,Calça de couro
GQ01,Blusa estampa
GQ03,Blusa lisa
GQ05,Blusa estampa
GQ06,Blusa estampa
GQ07,Blusa lisa
GQ08,Blusa lisa
GQ09,Blusa lisa
GQ10,Blusa lisa
GQ11,Blusa lisa
GQ13,Blusa estampa
GQ14,Blusa estampa
GQ15,Blusa lisa
GQ17,Blusa lisa
GQ18,Blusa lisa
GQ22,Blusa lisa
GQ25,Blusa lisa
GQ26,Blusa estampa
GQ28,Blusa lisa
GQ30,Blusa estampa
GQ32,Blusa estampa
GQ33,Blusa estampa
GQ34,Blusa lisa
GQ35,Blusa lisa
GQ36,Blusa lisa
GQ39,Blusa lisa
HJ01,Blusa lisa
HJ04,Blusa estampa
HJ05,Vestido estampa
HJ06,Macaquinho
HJ10,Blusa lisa
HJ15,Blusa lisa
HL01,Vestido estampa
HL05,Vestido estampa
HS04,Blusa lisa
JB07,MACAÇÃO
JB21,Blusa estampa
JS01,Blusa lisa
KZ01,Blusa lisa
LJ01,Camisa estampa
LP01,Camisa lisa
LP05,Vestido bordado
LP07,Vestido bordado
LP12,Vestido bordado
LY03,Macacão
LY21,Blusa lisa
LY26,Blusa lisa
LY29,Blusa lisa
LY34,Blusa lisa
LY35,Vestido liso
LY39,VESTIDO LISO
LY41,Vestido liso
MD100,Blusa estampa
MD101,Blusa estampa
MD102,Blusa estampa
MD104,Blusa estampa
MD105,Blusa lisa
MD106,Blusa estampa
MD107,Camisa estampa
MD108,Blusa lisa
MD110,Blusa lisa
MD111,Blusa lisa
MD112,Blusa lisa
MD113,Blusa lisa
MD114,Blusa lisa
MD115,Blusa estampa
MD116,Blusa estampa
MD117,Camisa xadrez
MD118,Blusa estampa
MD119,Blusa estampa
MD120,Blusa estampa
MD121,Blusa estampa
MD123,Blusa lisa
MD124,Camisa estampa
MD125,Blusa estampa
MD126,Blusa estampa
MD127,Blusa estampa
MD129,Camisa estampa
MD130,Blusa estampa
MD131,Blusa estampa
MD132,Blusa estampa
MD135,Blusa estampa
MD136,Blusa lisa
MD137,Blusa lisa
MD138,Blusa lisa
MD139,Camisa estampa
MD140,Blusa lisa
MD141,Blusa estampa
MD142,Blusa estampa
MD143,Blusa lisa
MD144,Blusa estampa
MD145,Camisa lisa
MD146,Camisa estampa
MD147,Blusa lisa
MD148,Camisa  estampa
MD150,Blusa estampa
MD151,Blusa estampa
MD152,Blusa estampa
MD153,Blusa lisa
MD155,Blusa estampa
MD156,Blusa estampa
MD158,Blusa estampa
MD161,Camisa estampa
MD162,Blusa lisa
MD163,Blusa estampa
MD165,Blusa estampa
MD166,Blusa estampa
MD167,Blusa estampa
MD168,Camisa estampa
MD171,Blusa lisa
MD172,Blusa estampa
MD175,Blusa estampa
MD176,Blusa estampa
MD177,Blusa lisa
MD178,Blusa estampa
MD179,Blusa estampa
MD180,Blusa estampa
MD183,Blusa lisa
MD185,Blusa lisa
MD187,Blusa estampa
MD189,Blusa estampa
MD190,Blusa estampa
MD191,BLUSA LISA
MD192,Blusa lisa
MD193,Blusa estampa
MD194,Blusa estampa
MD195,Blusa lisa
MD196,Camisa estampa
MD197,Blusa lisa
MD198,Blusa lisa
MD199,Blusa estampa
MD200,Camisa estampa
MD203,Blusa estampa
MD209,Blusa estampa
MD211,Blusa lisa
MD214,Blusa lisa
MD215,Blusa lisa
MD218,Blusa lisa
MD220,Blusa lisa
MD222,Blusa lisa
MD223,Blusa estampa
MD224,Blusa lisa
MD230,Blusa lisa
MD231,Blusa estampa
MD232,Blusa estampa
MD236,Blusa lisa
MD237,Blusa lisa
MD272,Blusa lisa
MD273,Blusa lisa
MD279,Blusa lisa
MD281,Blusa lisa
MD293,Blusa Lisa
MD294,Blusa lisa
MD297,Blusa lisa
MD298,Blusa lisa
MD300,Blusa lisa
MD306,Blusa lisa
MD322,MACAQUINHO
MD323,Blusa lisa
MD326,Blusa lisa
MD327,Blusa lisa
MD328,Blusa lisa
MD331,Blusa lisa
MD349,Blusa lisa
MD350,Blusa lisa
MD351,Blusa lisa
MD352,Blusa lisa
MD353,Blusa lisa
MD354,Blusa lisa
MD355,Blusa lisa
MD356,Blusa lisa
MD357,Blusa lisa
MD358,Blusa lisa
MD359,Blusa lisa
MD360,Blusa lisa
MD361,Blusa lisa
MD362,Blusa lisa
MD363,Blusa lisa
MD364,Blusa lisa
MD365,Blusa lisa
MD366,Blusa lisa
MD367,Blusa lisa
MD368,Blusa lisa
MD369,Blusa lisa
MD370,Blusa lisa
MD371,Blusa lisa
MD372,Blusa lisa
MD373,Blusa lisa
MD374,Blusa lisa
MD375,Blusa lisa
MD376,Blusa lisa
MD377,Blusa lisa
MD378,Blusa lisa
MD379,Blusa lisa
MD380,Blusa lisa
MD381,Blusa lisa
MD382,Blusa lisa
MD383,Blusa lisa
MD384,Blusa lisa
MD385,Blusa lisa
MD386,Blusa lisa
MD387,Blusa lisa
MD97,Blusa estampa
MD98,Camisa estampa
ML13,Colete
ML175,Macaquinho
ML177,Camisa  estampa
ML180,Blusa estampa
ML182,Blusa estampa
ML183,Blusa estampa
ML184,Blusa estampa
ML185,Blusa estampa
ML186,Blusa lisa
ML187,Blusa estampa
ML188,Macaquinho
ML189,Macaquinho
ML190,MACAQUINHO
ML191,Macaquinho
ML192,Macaquinho
ML195,Blusa estampa
ML196,Blusa estampa
ML197,MACAQUINHO
ML198,Macaquinho
ML199,Macacão
ML200,Macacão
ML204,Camisa xadrez
ML209,Macacão
ML212,MACACÃO
ML216,Vestido liso
ML217,Vestido liso
ML219,Macacão
ML221,Vestido estampa
ML228,Vestido liso
ML241,Conjunto liso
ML25,Colete
ML254,Macacão
ML257,Vestido liso
ML260,Conjunto estampa
ML264,Vestido liso
ML45,Chemise liso
ML46,Macacão
ML47,Chemise liso
ML48,Macacão
ML49,Chemise
ML51,MACACÃO
ML55,Macacão
ML56,Macaquinho
ML60,Vestido estampa
P65,CALÇA
PH01,BLUSA LISA
PH03,Camisa estampa
PH06,Blusa estampa
PL17,Blusa lisa
PL19,Blusa estampa
PL21,Blusa estampa
PL22,Blusa listrada
PL26,CALÇA
PL27,CALÇA
PL31,Camisa estampa
QJ111,CALÇA
QJ112,CALÇA
QJ115,CALÇA
QJ116,Saia lisa
QJ118,CALÇA
QJ119,CALÇA
QJ122,Vestido liso
QJ39,SHORTS
QJ44,Saia lisa
QJ47,Shorts
QJ48,Shorts
QJ49,SAIA LISA
QJ50,Saia lisa
QJ51,Saia lisa
QJ55,Saia lisa
QJ61,Shorts
QJ62,Calça
QJ65,Saia lisa
QJ66,Saia lisa
RP02,Blusa estampa
RP03,Blusa lisa
RP09,Blusa lisa
RP10,BLUSA LISA
RP15,Blusa lisa
RP16,Blusa lisa
RP17,Blusa lisa
RP18,Blusa lisa
RY100,Blusa estampa
RY103,Blusa lisa
RY104,Blusa estampa
RY105,Camisa estampa
RY106,Blusa lisa
RY107,Blusa lisa
RY108,Camisa estampa
RY111,Blusa lisa
RY113,Camisa estampa
RY114,Blusa lisa
RY115,Camisa estampa
RY116,Blusa estampa
RY118,Blusa lisa
RY119,Blusa lisa
RY120,Camisa lisa
RY121,Camisa estampa
RY122,Blusa estampa
RY123,Camisa estampa
RY124,Blusa estampa
RY125,Blusa estampa
RY126,Blusa estampa
RY127,Camisa estampa
RY128,Blusa estampa
RY129,Blusa estampa
RY131,Blusa lisa
RY132,Blusa estampa
RY133,Blusa estampa
RY134,Blusa estampa
RY135,Camisa estampa
RY137,Camisa estampa
RY140,Blusa estampa
RY142,Camisa estampa
RY143,Blusa estampa
RY144,Camisa estampa
RY145,Blusa estampa
RY146,Blusa lisa
RY147,Blusa lisa
RY149,Blusa lisa
RY150,Blusa estampa
RY151,Blusa estampa
RY152,Blusa lisa
RY154,Blusa estampa
RY158,Blusa estampa
RY159,Blusa estampa
RY161,Camisa estampa
RY162,Blusa estampa
RY164,Camisa estampa
RY165,Camisa estampa
RY166,Blusa lisa
RY98,Blusa estampa
RY99,Blusa estampa
SF01,Blusa estampa
SF02,Blusa estampa
SF03,Blusa estampa
SF04,Camisa estampa
SF08,Blusa lisa
SF09,Blusa lisa
SF10,Vestido estampa
SF24,Blusa estampa
SF25,Blusa lisa
SF26,Blusa lisa
SF27,Blusa lisa
SM301,Blusa lisa
SM305,Blusa lisa
SM354,Blusa de lã
SQ01,Blusa lisa
SQ98,MACAQUINHO
SQ99,Macacão
TS01,Blusa estampa
TS02,Blusa lisa
TS03,Camisa estampa
TS04,Blusa estampa
TS05,Blusa estampa
TS06,Blusa lisa
TS08,Blusa lisa
TS10,Blusa estampa
TS12,Blusa lisa
TS16,Vestido estampa
TS20,Conjunto liso
TS29,Blusa lisa
TS32,Blusa lisa
TS33,BLUSA LISA
TS34,Blusa lisa
W03,Vestido guipir
W11,Vestido guipir
W12,Vestido guipir
W128,Blusa de lã
W392,Vestido guipir
WJ02,Vestido estampa
WJ04,Blusa lisa
WJ07,Conjunto liso
WJ19,Blusa lisa
WL03,Macacão alcinha
WM01,Blusa lisa
WM02,Blusa lisa
WM03,Vestido estampa
WM82,Jaqueta lisa
XC04,MACAÇÃO
XC05,MACACÃO
XC07,Blusa lisa
XC12,Blusa lisa
XC13,Blusa lisa
XC14,Blusa lisa
XC20,MACAQUINHO
XC24,Blusa lisa
XC26,BLUSA LISA
XC32,Vestido liso
XC34,MACAQUINHO
XC39,Blusa lisa
XF03,Vestido estampa
XL06,Blusa lisa
XL09,Blusa lisa
XL11,Blusa lisa
XL13,Blusa lisa
XL14,Camisa lisa
XL16,Chemise liso
XL17,Blusa lisa
XQ03,Blusa estampa
XQ04,Camisa estampa
XQ05,MACACÃO
XQ10,Blusa lisa
XQ12,Blusa lisa
XQ13,Blusa lisa
XR03,Blusa lisa
XY09,Conjunto liso
XY10,Macacão
XY16,Macacão
XY17,Macacão liso
XY22,Blusa lisa
XY26,Blusa lisa
XY30,Conjunto liso
XY31,MACACÃO
XY32,Blusa lisa
XY36,CONJUNTO
XY41,Blusa lisa
XY43,Blusa lisa
YB01,Blusa lisa
YB02,BLUSA LISA
YH11,Saia lisa
YH19,Blusa estampa
YH20,Blusa estampa
YH21,CALÇA
YH27,CALÇA
YH29,CALÇA
YH32,CALÇA
YH33,CALÇA
YH34,CALÇA
YH35,CALÇA
YH36,CALÇA
YH37,CALÇA
YH39,Calça de couro
YH40,CALÇA
YH43,SHORTS
YL147,Vestido
YL159,Vestido bordado
YL160,Vestido bordado
YL171,Vestido bordado
YL183,Vestido bordado
YL185,Vestido bordado
YL189,Vestido bordado
YL190,Vestido bordado
YL202,Vestido bordado
YL209,VESTIDO
YL79,Vestido bordado
YR01,Blusa lisa
YR11,BLUSA LISA
YR15,Blusa lisa
YR16,Blusa lisa
YR17,Blusa lisa
YR18,Blusa lisa
YR37,Blusa lisa
YR42,Blusa lisa
YR44,Blusa lisa
YR47,Vestido liso
YX02,Blusa lisa
ZB01,Blusa lisa
ZB02,Blusa lisa
ZB03,Blusa lisa
ZB05,Blusa lisa
ZB07,Blusa estampa
ZB08,Blusa lisa
ZB11,Blusa lisa
ZB23,Vestido liso
ZB27,Vestido liso
ZB30,Blusa lisa
ZB31,Blusa lisa
ZB34,MACAQUINHO
ZB36,Blusa lisa
ZB37,Blusa lisa
ZB38,Blusa lisa
ZB39,Blusa lisa
ZB40,Blusa lisa
ZB41,Blusa lisa
ZF13,Calça
ZF14,Macacão liso
ZF15,Macacão
ZG13,Blusa lisa
ZG15,Blusa lisa
ZG19,Vestido liso
ZG21,Blusa lisa
ZG22,Blusa lisa
ZG23,Blusa lisa
ZG28,Blusa lisa
ZL01,Blusa estampa
ZL02,Blusa estampa
ZL03,Blusa estampa
ZL04,Blusa estampa
ZL05,Blusa estampa
ZL06,Blusa estampa
ZL07,Blusa estampa
ZL08,Blusa estampa
ZL09,Blusa estampa
ZL10,Camisa estampa
ZM02,Blusa lisa
ZN08,Vestido bordado
ZN100,Vestido
ZN101,Vestido guipir
ZN102,Vestido guipir
ZN105,Vestido guipir
ZN106,Vestido guipir
ZN107,Vestido guipir
ZN108,Vestido guipir
ZN109,Vestido guipir
ZN110,Vestido guipir
ZN111,Vestido guipir
ZN115,Vestido guipir
ZN116,Vestido guipir
ZN118,Vestido guipir
ZN120,Vestido guipir
ZN123,Vestido bordado
ZN127,Vestido guipir
ZN129,VESTIDO
ZN130,Vestido bordado
ZN131,Vestido guipir
ZN136,Vestido guipir
ZN138,Vestido bordado
ZN142,Vestido bordado
ZN143,Vestido bordado
ZN146,Vestido guipir
ZN15,Vestido guipir
ZN150,Vestido bordado
ZN152,Vestido bordado
ZN153,Vestido bordado
ZN156,Vestido bordado
ZN157,Vestido guipir
ZN168,Vestido guipir
ZN17,Vestido bordado
ZN171,Vestido bordado
ZN172,Vestido guipir
ZN177,Vestido bordado
ZN180,Vestido bordado
ZN182,Vestido bordado
ZN183,Vestido guipir
ZN185,Vestido bordado
ZN186,Vestido guipir
ZN187,Vestido guipir
ZN189,Vestido guipir
ZN198,Vestido guipir
ZN200,Vestido guipir
ZN201,Vestido guipir
ZN207,Vestido guipir
ZN241,VESTIDO
ZN242,Chemise
ZN243,Chemise estampa
ZN244,Chemise estampa
ZN247,Vestido
ZN248,Vestido curto
ZN30,Vestido bordado
ZN364,Blusa estampa
ZN365,Blusa estampa
ZN366,Blusa estampa
ZN367,Blusa estampa
ZN368,Camisa estampa
ZN369,Blusa estampa
ZN37,Vestido guipir
ZN370,Blusa estampa
ZN371,Blusa estampa
ZN372,Blusa estampa
ZN373,Blusa estampa
ZN375,Blusa lisa
ZN378,Blusa estampa
ZN379,Blusa estampa
ZN38,Vestido guipir
ZN380,Camisa xadrez
ZN381,Blusa estampa
ZN383,Blusa estampa
ZN384,Blusa estampa
ZN385,Camisa de bolinha
ZN386,Blusa estampa
ZN387,Camisa estampa
ZN388,Blusa estampa
ZN389,Blusa lisa
ZN390,Blusa estampa
ZN393,Blusa estampa
ZN394,Blusa estampa
ZN395,Blusa lisa
ZN396,Blusa estampa
ZN398,Blusa estampa
ZN400,Blusa estampa
ZN401,Camisa estampa
ZN402,Camisa estampa
ZN403,Blusa estampa
ZN404,Camisa estampa
ZN406,Camisa estampa
ZN407,Blusa estampa
ZN408,Blusa estampa
ZN409,Blusa estampa
ZN410,Blusa estampa
ZN411,Blusa estampa
ZN412,Camisa lisa
ZN417,Blusa lisa
ZN418,Blusa estampa
ZN419,Blusa estampa
ZN420,Blusa lisa
ZN421,Blusa lisa
ZN422,Blusa lisa
ZN424,Blusa lisa
ZN426,Blusa estampa
ZN432,Blusa lisa
ZN434,Vestido estampa
ZN435,Blusa lisa
ZN438,Blusa lisa
ZN439,Blusa estampa
ZN440,Blusa estampa
ZN441,Blusa estampa
ZN442,Blusa estampa
ZN443,Blusa estampa
ZN444,Blusa estampa
ZN446,Blusa lisa
ZN453,Blusa lisa
ZN454,Blusa lisa
ZN455,Blusa estampa
ZN457,Blusa lisa
ZN459,Blusa estampa
ZN46,Vestido
ZN460,Blusa lisa
ZN463,Vestido estampa
ZN464,Blusa lisa
ZN466,Blusa estampa
ZN467,Blusa lisa
ZN469,Blusa estampa
ZN471,Blusa estampa
ZN474,Vestido estampa
ZN475,Vestido estampa
ZN477,Blusa lisa
ZN478,Blusa lisa
ZN48,Vestido guipir
ZN480,Blusa lisa
ZN481,Blusa lisa
ZN482,Blusa lisa
ZN484,Blusa lisa
ZN490,Blusa lisa
ZN493,Blusa lisa
ZN497,Blusa lisa
ZN498,Blusa estampa
ZN499,Blusa lisa
ZN501,Vestido liso
ZN531,Blusa lisa
ZN533,Blusa lisa
ZN534,Vestido liso
ZN544,Blusa lisa
ZN559,Vestido liso
ZN564,BLUSA LISA
ZN566,BLUSA LISA
ZN57,Vestido guipir
ZN573,Vestido liso
ZN574,Blusa lisa
ZN575,Blusa lisa
ZN576,Blusa lisa
ZN577,Blusa lisa
ZN578,Blusa lisa
ZN579,Blusa lisa
ZN580,Vestido liso
ZN581,Camisa lisa
ZN582,Blusa lisa
ZN583,blusa lisa
ZN584,Blusa lisa
ZN585,Blusa lisa
ZN60,Vestido bordado
ZN68,VESTIDO GUIPIR
ZN70,VESTIDO GUIPIR
ZN76,Vestido guipir
ZN77,Vestido guipir
ZN82,Vestido guipir
ZN93,Vestido guipir
ZN97,Vestido guipir
ZN98,Vestido bordado
ZN99,Vestido bordado
